DATE,tmax_avg,tmin_avg,prcp_avg,severe_wind,severe_weather_event
2022-06-01,86.28571428571429,47.42857142857143,0.0,1,0
2022-06-02,86.42857142857143,52.285714285714285,0.0,1,0
2022-06-03,79.14285714285714,53.42857142857143,0.0,1,0
2022-06-04,72.71428571428571,54.0,0.019629629629629632,1,1
2022-06-05,73.33333333333333,56.666666666666664,0.7030769230769232,1,1
2022-06-06,80.83333333333333,52.333333333333336,0.11393939393939394,1,0
2022-06-07,81.16666666666667,51.166666666666664,0.0020833333333333333,1,0
2022-06-08,84.5,55.0,0.0,1,0
2022-06-09,93.0,54.333333333333336,0.0,1,0
2022-06-10,97.66666666666667,62.666666666666664,0.0,1,0
2022-06-11,91.5,60.5,0.0,1,0
2022-06-12,79.57142857142857,56.857142857142854,0.0,1,0
2022-06-13,80.85714285714286,50.42857142857143,0.0,1,0
2022-06-14,85.71428571428571,52.142857142857146,0.0,1,0
2022-06-15,86.71428571428571,53.42857142857143,0.0,1,1
2022-06-16,81.14285714285714,50.857142857142854,0.0,1,0
2022-06-17,73.14285714285714,48.42857142857143,0.0,1,0
2022-06-18,74.71428571428571,46.142857142857146,0.0084,1,0
2022-06-19,81.85714285714286,49.142857142857146,0.0,1,0
2022-06-20,89.0,51.857142857142854,0.0,1,0
2022-06-21,101.71428571428571,58.0,0.0,1,0
2022-06-22,94.85714285714286,58.714285714285715,0.0,1,0
2022-06-23,89.85714285714286,55.142857142857146,0.0,1,0
2022-06-24,88.14285714285714,50.714285714285715,0.0,1,1
2022-06-25,83.57142857142857,51.142857142857146,0.0,1,1
2022-06-26,82.42857142857143,52.714285714285715,0.0,1,1
2022-06-27,83.71428571428571,52.42857142857143,0.0,1,1
2022-06-28,89.42857142857143,52.142857142857146,0.0,1,1
2022-06-29,82.28571428571429,49.42857142857143,0.0,1,1
2022-06-30,78.71428571428571,52.42857142857143,0.0,1,1
2022-07-01,79.14285714285714,51.57142857142857,0.0,1,1
2022-07-02,77.57142857142857,52.285714285714285,0.0,1,1
2022-07-03,74.42857142857143,53.0,0.0,1,0
2022-07-04,77.5,53.625,0.0,1,1
2022-07-05,78.125,58.25,0.006538461538461539,1,1
2022-07-06,76.75,58.125,0.003333333333333333,1,0
2022-07-07,82.125,53.0,0.0,1,1
2022-07-08,86.625,52.375,0.0,1,0
2022-07-09,83.875,52.75,0.0,1,1
2022-07-10,93.0,53.125,0.0,1,1
2022-07-11,91.625,56.125,0.0,1,1
2022-07-12,81.85714285714286,55.714285714285715,0.0,1,0
2022-07-13,82.125,55.5,0.0,1,1
2022-07-14,86.875,52.375,0.0,1,1
2022-07-15,87.125,50.25,0.0,1,1
2022-07-16,93.75,50.5,0.0,1,1
2022-07-17,91.375,53.375,0.0,1,1
2022-07-18,88.5,52.875,0.0,1,1
2022-07-19,85.625,52.125,0.0,1,1
2022-07-20,86.625,50.375,0.0,1,1
2022-07-21,86.0,50.125,0.0,1,1
2022-07-22,87.57142857142857,47.57142857142857,0.0,1,1
2022-07-23,88.42857142857143,49.57142857142857,0.0,1,1
2022-07-24,81.875,51.5,0.0,1,1
2022-07-25,79.875,51.125,0.0,1,1
2022-07-26,79.42857142857143,55.142857142857146,0.0,1,1
2022-07-27,80.875,53.75,0.0004,1,0
2022-07-28,82.625,52.875,0.0,1,1
2022-07-29,86.28571428571429,55.285714285714285,0.0,1,1
2022-07-30,82.57142857142857,56.857142857142854,0.0,1,1
2022-07-31,80.85714285714286,57.666666666666664,0.0,1,0
2022-08-01,80.375,59.0,0.006206896551724138,1,0
2022-08-02,90.0,58.0,0.022000000000000002,1,0
2022-08-03,91.375,57.25,0.0,1,0
2022-08-04,86.75,57.375,0.0,1,1
2022-08-05,82.75,58.375,0.0015384615384615385,1,1
2022-08-06,80.125,59.5,0.0,1,1
2022-08-07,81.25,53.875,0.0,1,0
2022-08-08,84.0,52.75,0.0,1,1
2022-08-09,83.25,53.5,0.0,1,1
2022-08-10,83.125,53.375,0.0,1,1
2022-08-11,86.125,54.0,0.0,1,1
2022-08-12,87.71428571428571,51.285714285714285,0.0,1,1
2022-08-13,90.42857142857143,50.857142857142854,0.0,1,1
2022-08-14,93.0,52.75,0.0,1,1
2022-08-15,95.0,53.75,0.0,1,1
2022-08-16,100.125,55.125,0.0,1,1
2022-08-17,96.875,57.0,0.0,1,1
2022-08-18,86.57142857142857,53.0,0.0,1,1
2022-08-19,92.25,53.25,0.0,1,1
2022-08-20,95.75,54.125,0.0,1,0
2022-08-21,86.875,55.875,0.0004347826086956522,1,0
2022-08-22,95.0,53.875,0.0,1,1
2022-08-23,95.125,55.75,0.0,1,1
2022-08-24,88.75,55.0,0.0,1,1
2022-08-25,83.5,56.125,0.0,1,1
2022-08-26,86.28571428571429,54.285714285714285,0.0,1,1
2022-08-27,81.75,54.75,0.0004347826086956522,1,1
2022-08-28,81.875,55.375,0.0,1,1
2022-08-29,81.0,56.285714285714285,0.0,1,1
2022-08-30,83.625,52.875,0.0,1,1
2022-08-31,86.875,51.5,0.0,1,1
2022-09-01,95.125,50.25,0.0,1,1
2022-09-02,92.375,51.875,0.0,1,1
2022-09-03,95.5,53.625,0.0,1,1
2022-09-04,101.75,55.125,0.0,1,0
2022-09-05,110.25,61.875,0.0,1,0
2022-09-06,113.0,65.875,0.0,1,0
2022-09-07,102.625,65.125,0.0,1,0
2022-09-08,105.375,61.25,0.0,1,0
2022-09-09,100.25,55.625,0.0,1,1
2022-09-10,88.0,58.857142857142854,0.0,1,1
2022-09-11,85.625,62.25,0.0,1,1
2022-09-12,87.125,59.75,0.0,1,1
2022-09-13,79.0,52.25,0.0,1,1
2022-09-14,77.25,50.0,0.0,1,0
2022-09-15,77.125,51.0,0.0,1,1
2022-09-16,80.875,49.625,0.0,1,1
2022-09-17,78.75,48.25,0.0011538461538461537,1,1
2022-09-18,68.375,56.0,0.32975,1,1
2022-09-19,73.625,55.625,0.709047619047619,1,0
2022-09-20,73.0,51.625,0.002962962962962963,1,1
2022-09-21,77.0,54.625,0.03103448275862069,1,0
2022-09-22,82.25,51.125,0.0003846153846153846,1,1
2022-09-23,89.625,52.625,0.0,1,0
2022-09-24,92.875,52.875,0.0,1,0
2022-09-25,84.625,52.5,0.00037037037037037035,1,1
2022-09-26,78.5,52.75,0.0007407407407407407,1,1
2022-09-27,78.375,52.25,0.0004,1,1
2022-09-28,80.5,50.25,0.0,1,1
2022-09-29,85.625,51.875,0.0004,1,1
2022-09-30,89.28571428571429,51.142857142857146,0.0,1,0
2022-10-01,74.14285714285714,51.857142857142854,0.0,1,1
2022-10-02,74.28571428571429,54.285714285714285,0.0,1,0
2022-10-03,79.875,48.5,0.0,1,1
2022-10-04,79.25,49.625,0.0,1,1
2022-10-05,86.25,48.75,0.0,1,1
2022-10-06,86.125,48.75,0.0,1,1
2022-10-07,88.71428571428571,47.57142857142857,0.0,1,1
2022-10-08,85.42857142857143,49.285714285714285,0.0,1,1
2022-10-09,78.0,49.875,0.0,1,1
2022-10-10,80.0,50.375,0.0,1,1
2022-10-11,77.375,50.0,0.0007692307692307692,1,1
2022-10-12,75.125,50.875,0.0014285714285714286,1,1
2022-10-13,74.0,51.125,0.002857142857142857,1,1
2022-10-14,77.85714285714286,47.714285714285715,0.0017857142857142859,1,1
2022-10-15,68.42857142857143,52.42857142857143,0.005925925925925926,1,1
2022-10-16,65.42857142857143,53.857142857142854,0.0019230769230769232,1,1
2022-10-17,75.75,45.75,0.00037037037037037035,1,1
2022-10-18,85.375,49.25,0.0003846153846153846,1,0
2022-10-19,93.5,49.5,0.00037037037037037035,1,0
2022-10-20,87.125,47.875,0.0,1,1
2022-10-21,75.25,48.375,0.0007407407407407407,1,1
2022-10-22,72.125,49.875,0.0003846153846153846,1,0
2022-10-23,72.16666666666667,46.0,0.0,1,0
2022-10-24,76.57142857142857,43.285714285714285,0.0,1,0
2022-10-25,73.42857142857143,46.285714285714285,0.0,1,0
2022-10-26,72.42857142857143,43.714285714285715,0.0,1,0
2022-10-27,73.0,39.42857142857143,0.0,1,0
2022-10-28,69.42857142857143,38.57142857142857,0.0,1,0
2022-10-29,75.33333333333333,39.333333333333336,0.0,1,1
2022-10-30,75.71428571428571,42.142857142857146,0.0,1,1
2022-10-31,70.71428571428571,44.285714285714285,0.0,1,1
2022-11-01,65.75,45.625,0.07285714285714287,1,1
2022-11-02,60.625,37.0,0.15675675675675677,1,1
2022-11-03,62.375,34.25,0.025454545454545455,1,0
2022-11-04,65.25,38.25,0.005172413793103448,1,1
2022-11-05,62.5,49.875,0.033030303030303035,1,1
2022-11-06,62.0,41.375,0.07971428571428571,1,1
2022-11-07,55.0,40.25,0.2997297297297297,1,1
2022-11-08,52.42857142857143,41.142857142857146,0.7715384615384615,1,1
2022-11-09,58.833333333333336,36.666666666666664,0.24105263157894738,1,1
2022-11-10,61.625,34.25,0.01413793103448276,1,1
2022-11-11,61.875,34.375,0.02413793103448276,1,1
2022-11-12,61.625,37.625,0.012727272727272726,1,1
2022-11-13,64.0,36.625,0.0010714285714285715,1,1
2022-11-14,62.625,32.125,0.0010714285714285715,1,1
2022-11-15,70.57142857142857,33.0,0.00035714285714285714,1,0
2022-11-16,71.375,34.125,0.0,1,0
2022-11-17,67.57142857142857,34.714285714285715,0.0,1,0
2022-11-18,71.0,35.625,0.0,1,1
2022-11-19,67.57142857142857,34.42857142857143,0.0,1,0
2022-11-20,66.125,30.75,0.0,1,0
2022-11-21,67.57142857142857,31.571428571428573,0.0,1,1
2022-11-22,67.25,34.0,0.0,1,0
2022-11-23,71.57142857142857,36.714285714285715,0.0,1,1
2022-11-24,70.16666666666667,37.166666666666664,0.0,1,1
2022-11-25,69.28571428571429,37.42857142857143,0.0,1,0
2022-11-26,68.42857142857143,38.0,0.0,1,1
2022-11-27,66.85714285714286,34.857142857142854,0.0,1,1
2022-11-28,61.857142857142854,38.285714285714285,0.0,1,1
2022-11-29,59.125,32.625,0.0,1,0
2022-11-30,57.285714285714285,29.142857142857142,0.0,1,0
2022-12-01,54.0,36.0,0.8744186046511628,1,1
2022-12-02,53.875,29.0,0.15571428571428572,1,1
2022-12-03,49.125,33.625,0.042,1,1
2022-12-04,56.0,44.285714285714285,0.33666666666666667,1,1
2022-12-05,58.0,44.0,0.5888095238095238,1,1
2022-12-06,57.125,41.0,0.5809523809523809,1,1
2022-12-07,57.25,33.5,0.024838709677419354,1,1
2022-12-08,53.375,36.625,0.061290322580645165,1,1
2022-12-09,49.125,38.125,0.35767441860465116,1,1
2022-12-10,55.5,44.25,0.5642857142857143,1,1
2022-12-11,52.125,41.5,0.884736842105263,1,1
2022-12-12,54.0,36.25,0.5064864864864865,1,1
2022-12-13,56.375,31.125,0.002592592592592593,1,1
2022-12-14,55.625,30.125,0.0014814814814814814,1,1
2022-12-15,56.0,30.25,0.00037037037037037035,1,1
2022-12-16,57.5,29.625,0.0007142857142857143,1,1
2022-12-17,57.625,28.875,0.0007407407407407407,1,1
2022-12-18,57.25,28.625,0.0,1,1
2022-12-19,49.625,32.375,0.0010714285714285715,1,1
2022-12-20,54.75,37.75,0.001851851851851852,1,1
2022-12-21,58.625,37.25,0.0007407407407407407,1,1
2022-12-22,55.375,39.375,0.0025,1,1
2022-12-23,57.25,42.875,0.014444444444444446,1,1
2022-12-24,61.75,40.875,0.0008333333333333334,1,1
2022-12-25,61.75,41.75,0.0012,1,1
2022-12-26,56.625,42.75,0.16428571428571428,1,1
2022-12-27,59.125,44.375,2.832,1,1
2022-12-28,56.375,37.625,0.09606060606060605,1,1
2022-12-29,53.42857142857143,45.142857142857146,0.4039473684210526,1,1
2022-12-30,60.42857142857143,49.714285714285715,0.8262162162162162,1,1
2022-12-31,58.714285714285715,48.0,1.36525,1,1
2023-01-01,61.375,41.125,0.4482051282051282,1,0
2023-01-02,54.0,39.0,0.08838709677419355,1,1
2023-01-03,51.875,39.5,0.37525,1,1
2023-01-04,56.0,42.375,0.6642857142857143,1,1
2023-01-05,56.375,47.0,1.844285714285714,1,1
2023-01-06,54.875,45.875,0.7646341463414634,1,1
2023-01-07,53.75,47.625,0.3855263157894737,1,1
2023-01-08,59.0,47.0,1.6164285714285715,1,1
2023-01-09,60.25,47.75,2.3030232558139536,1,1
2023-01-10,56.625,45.5,0.6457142857142857,1,1
2023-01-11,55.125,46.625,0.6146341463414634,1,1
2023-01-12,62.75,51.75,1.006829268292683,1,0
2023-01-13,60.0,50.875,0.4567567567567567,1,1
2023-01-14,57.375,48.25,1.8321951219512196,1,1
2023-01-15,53.0,44.25,0.7338095238095238,1,1
2023-01-16,54.875,41.125,0.4505405405405406,1,0
2023-01-17,55.625,34.625,0.004,1,1
2023-01-18,53.375,34.0,0.04366666666666666,1,1
2023-01-19,54.285714285714285,34.42857142857143,0.27725,1,1
2023-01-20,59.0,35.25,0.0013793103448275863,1,0
2023-01-21,58.625,31.25,0.0,1,0
2023-01-22,60.875,33.75,0.0,1,1
2023-01-23,68.25,39.375,0.0,1,0
2023-01-24,65.625,38.375,0.0,1,1
2023-01-25,73.5,35.75,0.0,1,1
2023-01-26,72.125,45.125,0.0,1,0
2023-01-27,65.625,35.5,0.0,1,1
2023-01-28,61.0,34.375,0.00037037037037037035,1,1
2023-01-29,56.625,34.125,0.003333333333333333,1,1
2023-01-30,57.25,32.875,0.002962962962962963,1,0
2023-01-31,61.0,29.428571428571427,0.0,1,0
2023-02-01,59.75,30.375,0.0,1,0
2023-02-02,58.375,31.625,0.0,1,1
2023-02-03,57.0,41.25,0.6834146341463414,1,1
2023-02-04,55.375,45.0,0.1003125,1,1
2023-02-05,55.125,44.125,0.5287804878048781,1,1
2023-02-06,60.75,35.375,0.14205128205128206,1,1
2023-02-07,62.5,35.25,0.0,1,1
2023-02-08,65.375,34.5,0.0,1,1
2023-02-09,67.375,36.0,0.00035714285714285714,1,1
2023-02-10,63.42857142857143,34.142857142857146,0.0027586206896551726,1,1
2023-02-11,60.375,39.625,0.09131578947368421,1,1
2023-02-12,68.0,36.125,0.0010714285714285715,1,1
2023-02-13,66.625,37.125,0.0003448275862068966,1,1
2023-02-14,59.375,37.75,0.0,1,0
2023-02-15,60.125,32.25,0.001851851851851852,1,0
2023-02-16,58.875,30.125,0.0,1,0
2023-02-17,63.375,33.125,0.0,1,0
2023-02-18,64.875,30.5,0.0,1,0
2023-02-19,69.125,34.5,0.0,1,0
2023-02-20,71.125,36.875,0.0,1,0
2023-02-21,64.0,41.0,0.0,1,0
2023-02-22,53.75,33.75,0.0015384615384615385,1,0
2023-02-23,49.25,28.5,0.06058823529411765,1,1
2023-02-24,46.875,33.75,1.1735,1,1
2023-02-25,49.75,34.75,0.2353846153846154,1,1
2023-02-26,51.5,38.125,0.1090909090909091,1,1
2023-02-27,49.285714285714285,34.0,0.4072222222222222,1,1
2023-02-28,51.25,34.75,0.791578947368421,1,1
2023-03-01,55.375,32.25,0.345,1,0
2023-03-02,59.75,33.375,0.006896551724137932,1,0
2023-03-03,60.75,36.125,0.0,1,1
2023-03-04,55.875,38.75,0.0693103448275862,1,1
2023-03-05,52.5,36.125,0.638,1,1
2023-03-06,52.5,36.5,0.32282051282051283,1,1
2023-03-07,52.875,36.125,0.1213888888888889,1,1
2023-03-08,55.25,38.625,0.35947368421052633,1,1
2023-03-09,54.25,36.625,0.3422222222222222,1,1
2023-03-10,59.125,45.125,3.2,1,1
2023-03-11,55.625,42.875,0.064375,1,1
2023-03-12,56.625,50.75,0.7086486486486486,1,1
2023-03-13,59.625,52.75,0.5388888888888889,1,1
2023-03-14,59.125,48.75,1.0494594594594595,1,1
2023-03-15,63.125,38.125,0.7121052631578947,1,1
2023-03-16,64.5,36.375,0.0003333333333333333,1,1
2023-03-17,67.75,37.0,0.0,1,1
2023-03-18,66.125,40.125,0.002962962962962963,1,0
2023-03-19,60.125,46.75,0.6316216216216216,1,1
2023-03-20,56.625,41.75,0.2288888888888889,1,0
2023-03-21,54.75,42.375,0.24294117647058822,1,1
2023-03-22,56.875,44.625,1.5602631578947368,1,1
2023-03-23,59.25,42.75,0.049999999999999996,1,0
2023-03-24,58.875,38.375,0.034,1,0
2023-03-25,60.375,36.625,0.0,1,0
2023-03-26,60.875,34.75,0.0,1,0
2023-03-27,61.125,31.75,0.010714285714285716,1,0
2023-03-28,57.125,40.5,0.6678378378378379,1,1
2023-03-29,52.375,41.75,1.14,1,1
2023-03-30,58.285714285714285,37.714285714285715,0.21722222222222223,1,1
2023-03-31,59.714285714285715,38.0,0.013666666666666667,1,1
2023-04-01,59.857142857142854,36.857142857142854,0.00035714285714285714,1,1
2023-04-02,60.285714285714285,40.0,0.02,1,0
2023-04-03,59.0,37.125,0.0017857142857142859,1,0
2023-04-04,60.625,35.125,0.0,1,0
2023-04-05,62.375,35.625,0.0,1,0
2023-04-06,61.375,39.0,0.0022222222222222222,1,1
2023-04-07,62.125,46.125,0.4042857142857143,1,1
2023-04-08,66.75,45.625,0.16548387096774192,1,1
2023-04-09,74.375,41.125,0.0,0,0
2023-04-10,74.875,45.285714285714285,0.0007407407407407407,1,1
2023-04-11,71.875,48.5,0.00962962962962963,1,0
2023-04-12,67.125,41.625,0.0,1,0
2023-04-13,69.0,40.125,0.0,1,0
2023-04-14,67.0,37.75,0.0,1,0
2023-04-15,66.42857142857143,42.0,0.0,1,1
2023-04-16,67.25,40.0,0.0,1,1
2023-04-17,63.0,43.5,0.005357142857142858,1,1
2023-04-18,60.375,38.5,0.08891891891891893,1,1
2023-04-19,65.25,37.125,0.0011111111111111111,1,1
2023-04-20,71.57142857142857,39.714285714285715,0.0,1,0
2023-04-21,80.375,47.375,0.0,1,0
2023-04-22,81.42857142857143,51.57142857142857,0.0,1,0
2023-04-23,79.625,52.0,0.0,1,0
2023-04-24,76.75,46.625,0.0,1,0
2023-04-25,82.375,44.375,0.0,1,1
2023-04-26,85.625,44.375,0.0,1,1
2023-04-27,88.25,48.25,0.0,1,0
2023-04-28,83.57142857142857,49.142857142857146,0.0,1,1
2023-04-29,76.85714285714286,46.57142857142857,0.0,1,1
2023-04-30,72.625,46.0,0.0,1,1
2023-05-01,62.142857142857146,46.0,0.002,1,1
2023-05-02,61.0,46.714285714285715,0.1665625,1,1
2023-05-03,61.857142857142854,47.857142857142854,0.27705882352941175,1,1
2023-05-04,63.42857142857143,46.285714285714285,0.10212121212121213,1,1
2023-05-05,62.0,45.57142857142857,0.05620689655172413,1,1
2023-05-06,63.42857142857143,47.714285714285715,0.30500000000000005,1,1
2023-05-07,64.42857142857143,42.0,0.095,1,1
2023-05-08,65.85714285714286,47.0,0.13285714285714287,1,1
2023-05-09,69.42857142857143,45.42857142857143,0.008888888888888889,1,1
2023-05-10,68.42857142857143,43.42857142857143,0.0,1,1
2023-05-11,71.14285714285714,43.57142857142857,0.0,1,1
2023-05-12,76.57142857142857,45.714285714285715,0.0,1,1
2023-05-13,87.14285714285714,47.714285714285715,0.0,1,1
2023-05-14,77.28571428571429,50.42857142857143,0.0,1,0
2023-05-15,75.42857142857143,52.42857142857143,0.0,1,0
2023-05-16,82.28571428571429,51.285714285714285,0.0003846153846153846,1,1
2023-05-17,79.85714285714286,50.42857142857143,0.0,1,1
2023-05-18,76.42857142857143,50.42857142857143,0.0003846153846153846,1,1
2023-05-19,75.42857142857143,49.142857142857146,0.0,1,1
2023-05-20,71.85714285714286,49.42857142857143,0.0,1,1
2023-05-21,78.28571428571429,51.857142857142854,0.0015384615384615385,1,1
2023-05-22,81.0,50.142857142857146,0.0,1,1
2023-05-23,76.0,49.42857142857143,0.0,1,1
2023-05-24,71.42857142857143,47.57142857142857,0.0,1,1
2023-05-25,66.16666666666667,50.666666666666664,0.0,1,1
2023-05-26,63.857142857142854,50.714285714285715,0.0064285714285714285,1,1
2023-05-27,66.16666666666667,50.833333333333336,0.01107142857142857,1,1
2023-05-28,69.83333333333333,52.0,0.0007692307692307692,1,1
2023-05-29,63.714285714285715,51.142857142857146,0.007857142857142858,1,1
2023-05-30,64.71428571428571,52.285714285714285,0.0007142857142857143,1,0
2023-05-31,72.0,50.285714285714285,0.001851851851851852,1,1
2023-06-01,75.42857142857143,46.57142857142857,0.0004,1,1
2023-06-02,78.57142857142857,45.285714285714285,0.0,1,1
2023-06-03,82.71428571428571,47.285714285714285,0.0,1,1
2023-06-04,82.85714285714286,49.142857142857146,0.0,1,1
2023-06-05,73.0,50.142857142857146,0.0,1,1
2023-06-06,66.85714285714286,53.857142857142854,0.007083333333333333,1,1
2023-06-07,63.714285714285715,55.285714285714285,0.012307692307692308,1,0
2023-06-08,69.57142857142857,54.57142857142857,0.0,1,0
2023-06-09,70.42857142857143,52.0,0.0012000000000000001,1,1
2023-06-10,72.0,51.857142857142854,0.00125,1,1
2023-06-11,71.14285714285714,52.57142857142857,0.0,1,1
2023-06-12,72.42857142857143,52.857142857142854,0.0052,1,1
2023-06-13,70.85714285714286,53.857142857142854,0.0023076923076923075,1,1
2023-06-14,73.85714285714286,51.57142857142857,0.0008,1,1
2023-06-15,74.42857142857143,51.857142857142854,0.0004,1,1
2023-06-16,73.71428571428571,53.0,0.0,1,1
2023-06-17,74.16666666666667,53.833333333333336,0.0,1,1
2023-06-18,81.66666666666667,52.0,0.0,1,1
2023-06-19,75.28571428571429,49.0,0.0,1,0
2023-06-20,75.57142857142857,46.42857142857143,0.0,1,0
2023-06-21,78.83333333333333,46.333333333333336,0.0,1,0
2023-06-22,69.57142857142857,50.857142857142854,0.0,1,1
2023-06-23,71.42857142857143,54.0,0.0,1,0
2023-06-24,71.85714285714286,52.285714285714285,0.0,1,1
2023-06-25,70.28571428571429,52.42857142857143,0.0,1,1
2023-06-26,75.85714285714286,51.857142857142854,0.0,1,0
2023-06-27,79.28571428571429,51.285714285714285,0.0,1,1
2023-06-28,78.28571428571429,52.0,0.0,1,1
2023-06-29,83.71428571428571,52.0,0.0,1,1
2023-06-30,91.5,51.0,0.0,1,0
2023-07-01,100.85714285714286,52.166666666666664,0.0,1,0
2023-07-02,96.57142857142857,56.0,0.0,1,0
2023-07-03,84.28571428571429,54.142857142857146,0.0,1,1
2023-07-04,77.57142857142857,52.285714285714285,0.0,1,0
2023-07-05,72.85714285714286,52.857142857142854,0.0,1,1
2023-07-06,73.28571428571429,53.142857142857146,0.0012,1,1
2023-07-07,78.28571428571429,53.142857142857146,0.0004347826086956522,1,1
2023-07-08,79.0,47.42857142857143,0.0,1,1
2023-07-09,76.28571428571429,47.142857142857146,0.0,1,1
2023-07-10,82.0,49.0,0.0,1,1
2023-07-11,88.14285714285714,50.714285714285715,0.0,1,0
2023-07-12,85.28571428571429,50.857142857142854,0.0,1,1
2023-07-13,89.28571428571429,51.42857142857143,0.0,1,0
2023-07-14,90.14285714285714,52.714285714285715,0.0,1,1
2023-07-15,93.85714285714286,53.857142857142854,0.0,1,1
2023-07-16,98.85714285714286,58.142857142857146,0.0,1,1
2023-07-17,93.85714285714286,59.857142857142854,0.0,1,0
2023-07-18,85.85714285714286,52.57142857142857,0.0,1,1
2023-07-19,84.14285714285714,54.142857142857146,0.0,1,1
2023-07-20,89.57142857142857,52.57142857142857,0.0,1,1
2023-07-21,95.71428571428571,54.0,0.0,1,1
2023-07-22,98.85714285714286,53.0,0.0,1,0
2023-07-23,93.42857142857143,56.142857142857146,0.0,1,0
2023-07-24,88.28571428571429,51.142857142857146,0.0,1,1
2023-07-25,92.14285714285714,52.714285714285715,0.0,1,0
2023-07-26,87.28571428571429,53.714285714285715,0.0,1,1
2023-07-27,83.57142857142857,54.857142857142854,0.0,1,1
2023-07-28,85.85714285714286,50.57142857142857,0.0,1,1
2023-07-29,86.71428571428571,51.0,0.0,1,1
2023-07-30,87.57142857142857,49.285714285714285,0.0,1,1
2023-07-31,88.14285714285714,50.0,0.0,1,1
2023-08-01,81.28571428571429,51.714285714285715,0.0,1,1
2023-08-02,80.71428571428571,55.142857142857146,0.0,1,0
2023-08-03,80.71428571428571,51.42857142857143,0.0,1,1
2023-08-04,85.14285714285714,52.57142857142857,0.0,1,1
2023-08-05,89.57142857142857,54.0,0.0,1,0
2023-08-06,97.85714285714286,57.714285714285715,0.0,1,0
2023-08-07,96.28571428571429,57.42857142857143,0.0,1,1
2023-08-08,85.0,55.857142857142854,0.0,1,1
2023-08-09,79.57142857142857,55.714285714285715,0.0,1,1
2023-08-10,83.0,55.857142857142854,0.0,1,0
2023-08-11,83.33333333333333,57.166666666666664,0.0,1,1
2023-08-12,85.83333333333333,57.0,0.0,1,1
2023-08-13,90.28571428571429,56.0,0.0,1,1
2023-08-14,88.42857142857143,60.57142857142857,0.0,1,0
2023-08-15,90.28571428571429,58.42857142857143,0.0,1,0
2023-08-16,90.0,56.857142857142854,0.0,1,1
2023-08-17,85.57142857142857,58.285714285714285,0.0,1,1
2023-08-18,80.28571428571429,60.0,0.006,1,1
2023-08-19,79.42857142857143,58.57142857142857,0.002,1,1
2023-08-20,86.0,59.0,0.0,1,0
2023-08-21,81.42857142857143,60.0,0.0,1,1
2023-08-22,82.71428571428571,61.57142857142857,0.0072,1,0
2023-08-23,93.14285714285714,57.57142857142857,0.0,1,0
2023-08-24,87.0,60.0,0.0,1,0
2023-08-25,82.14285714285714,57.857142857142854,0.0,1,1
2023-08-26,81.28571428571429,54.857142857142854,0.0,1,1
2023-08-27,86.14285714285714,53.714285714285715,0.0004,1,1
2023-08-28,90.85714285714286,51.57142857142857,0.0,1,1
2023-08-29,93.42857142857143,50.285714285714285,0.0,1,1
2023-08-30,96.28571428571429,57.57142857142857,0.0,1,1
2023-08-31,90.14285714285714,55.142857142857146,0.0,1,1
2023-09-01,77.33333333333333,55.333333333333336,0.0,1,1
2023-09-02,76.66666666666667,59.166666666666664,0.011785714285714287,1,1
2023-09-03,75.5,55.0,0.016,1,1
2023-09-04,82.42857142857143,55.285714285714285,0.0,1,1
2023-09-05,86.0,51.714285714285715,0.0,1,1
2023-09-06,80.42857142857143,53.42857142857143,0.0,1,1
2023-09-07,78.42857142857143,53.57142857142857,0.0015384615384615385,1,1
2023-09-08,85.28571428571429,51.42857142857143,0.0003846153846153846,1,1
2023-09-09,86.85714285714286,49.285714285714285,0.0,1,1
2023-09-10,86.85714285714286,51.57142857142857,0.0,1,1
2023-09-11,90.28571428571429,50.57142857142857,0.0,1,0
2023-09-12,85.28571428571429,52.57142857142857,0.0,1,1
2023-09-13,87.14285714285714,53.0,0.0,1,0
2023-09-14,84.28571428571429,55.0,0.0,1,1
2023-09-15,77.85714285714286,57.57142857142857,0.0017857142857142859,1,1
2023-09-16,76.42857142857143,56.285714285714285,0.0,1,1
2023-09-17,74.57142857142857,57.57142857142857,0.0,1,0
2023-09-18,77.0,53.285714285714285,0.0,1,1
2023-09-19,76.85714285714286,53.142857142857146,0.0,1,1
2023-09-20,73.28571428571429,53.0,0.0,1,1
2023-09-21,74.14285714285714,48.714285714285715,0.0,1,1
2023-09-22,75.85714285714286,49.714285714285715,0.0,1,1
2023-09-23,73.85714285714286,49.57142857142857,0.0,1,1
2023-09-24,72.71428571428571,51.142857142857146,0.0,1,1
2023-09-25,73.57142857142857,52.714285714285715,0.013333333333333332,1,1
2023-09-26,76.42857142857143,57.142857142857146,0.20111111111111113,1,1
2023-09-27,80.28571428571429,49.857142857142854,0.0008,1,1
2023-09-28,82.71428571428571,51.714285714285715,0.0,1,1
2023-09-29,78.42857142857143,53.285714285714285,0.0,1,0
2023-09-30,73.85714285714286,54.142857142857146,0.008148148148148147,1,0
2023-10-01,74.85714285714286,50.142857142857146,0.0909375,1,1
2023-10-02,77.71428571428571,45.142857142857146,0.0007692307692307692,1,1
2023-10-03,82.85714285714286,47.0,0.0,1,1
2023-10-04,91.42857142857143,54.42857142857143,0.0,1,0
2023-10-05,93.71428571428571,55.42857142857143,0.0,1,0
2023-10-06,96.0,56.0,0.0,1,0
2023-10-07,95.42857142857143,54.42857142857143,0.0,1,0
2023-10-08,83.16666666666667,51.5,0.0,1,0
2023-10-09,69.85714285714286,52.42857142857143,0.004642857142857143,1,1
2023-10-10,68.71428571428571,53.57142857142857,0.076,1,1
2023-10-11,73.0,47.42857142857143,0.07085714285714285,1,1
2023-10-12,78.71428571428571,45.857142857142854,0.0,1,0
2023-10-13,74.71428571428571,43.57142857142857,0.0,1,0
2023-10-14,70.28571428571429,54.42857142857143,0.01206896551724138,1,1
2023-10-15,78.85714285714286,52.0,0.008387096774193548,1,1
2023-10-16,78.14285714285714,47.142857142857146,0.0,1,1
2023-10-17,82.57142857142857,52.857142857142854,0.0003846153846153846,1,1
2023-10-18,89.57142857142857,50.285714285714285,0.0,1,1
2023-10-19,93.57142857142857,52.285714285714285,0.0,1,0
2023-10-20,79.85714285714286,53.285714285714285,0.0,1,0
2023-10-21,72.14285714285714,48.285714285714285,0.0,1,1
2023-10-22,67.42857142857143,53.285714285714285,0.15028571428571427,1,1
2023-10-23,74.85714285714286,53.0,0.3694736842105263,1,1
2023-10-24,75.14285714285714,49.57142857142857,0.0015384615384615385,1,1
2023-10-25,67.71428571428571,45.57142857142857,0.0011111111111111111,1,1
2023-10-26,67.14285714285714,37.42857142857143,0.0026923076923076926,1,1
2023-10-27,67.57142857142857,34.857142857142854,0.0,1,1
2023-10-28,72.42857142857143,35.857142857142854,0.0,1,1
2023-10-29,77.57142857142857,41.285714285714285,0.0,1,0
2023-10-30,77.14285714285714,37.57142857142857,0.0,1,0
2023-10-31,76.71428571428571,38.142857142857146,0.0,1,0
2023-11-01,77.57142857142857,40.857142857142854,0.0,1,0
2023-11-02,78.0,43.714285714285715,0.0,1,0
2023-11-03,79.14285714285714,49.42857142857143,0.0,1,0
2023-11-04,77.14285714285714,52.285714285714285,0.0007692307692307692,1,1
2023-11-05,70.0,55.57142857142857,0.0661290322580645,1,1
2023-11-06,66.71428571428571,52.57142857142857,0.3877777777777778,1,1
2023-11-07,66.57142857142857,44.42857142857143,0.03870967741935484,1,1
2023-11-08,70.71428571428571,41.857142857142854,0.0,1,0
2023-11-09,67.42857142857143,36.142857142857146,0.0,1,0
2023-11-10,68.14285714285714,39.857142857142854,0.0003846153846153846,1,1
2023-11-11,72.0,42.42857142857143,0.0,1,1
2023-11-12,72.14285714285714,43.42857142857143,0.0,1,1
2023-11-13,68.85714285714286,45.57142857142857,0.0,1,1
2023-11-14,64.42857142857143,46.857142857142854,0.16428571428571428,1,1
2023-11-15,65.0,48.42857142857143,0.07903225806451614,1,1
2023-11-16,67.0,51.142857142857146,0.015161290322580645,1,1
2023-11-17,70.85714285714286,50.285714285714285,0.079,1,1
2023-11-18,64.57142857142857,51.0,1.6641666666666666,1,1
2023-11-19,62.42857142857143,42.142857142857146,0.2676470588235294,1,1
2023-11-20,68.42857142857143,41.142857142857146,0.0004,1,0
2023-11-21,66.85714285714286,39.285714285714285,0.0004,1,1
2023-11-22,66.16666666666667,38.0,0.0004,1,1
2023-11-23,70.5,41.333333333333336,0.0,1,1
2023-11-24,67.83333333333333,38.0,0.0004,1,0
2023-11-25,63.833333333333336,33.333333333333336,0.0,1,0
2023-11-26,64.33333333333333,32.166666666666664,0.0,1,0
2023-11-27,64.33333333333333,31.5,0.0,1,0
2023-11-28,63.333333333333336,32.666666666666664,0.003333333333333333,1,1
2023-11-29,63.666666666666664,42.166666666666664,0.1677142857142857,1,1
2023-11-30,62.5,40.166666666666664,0.05,1,1
2023-12-01,59.5,39.5,0.0096,1,1
2023-12-02,59.333333333333336,48.166666666666664,0.14088235294117646,1,1
2023-12-03,60.166666666666664,51.333333333333336,0.07257142857142858,1,1
2023-12-04,65.5,46.833333333333336,0.043000000000000003,1,1
2023-12-05,65.5,47.666666666666664,0.007333333333333333,1,1
2023-12-06,60.833333333333336,45.5,0.060689655172413794,1,1
2023-12-07,58.333333333333336,40.333333333333336,0.37142857142857144,1,1
2023-12-08,58.666666666666664,35.5,0.13903225806451613,1,1
2023-12-09,60.0,34.0,0.0,1,1
2023-12-10,59.833333333333336,32.666666666666664,0.0004,1,1
2023-12-11,62.833333333333336,34.5,0.0007692307692307692,1,1
2023-12-12,57.0,42.833333333333336,0.005925925925925926,1,1
2023-12-13,60.666666666666664,38.5,0.0036,1,1
2023-12-14,61.0,36.166666666666664,0.0016,1,1
2023-12-15,62.166666666666664,37.666666666666664,0.0,1,1
2023-12-16,66.0,37.166666666666664,0.0004,1,1
2023-12-17,58.666666666666664,41.666666666666664,0.0412,1,1
2023-12-18,58.333333333333336,47.666666666666664,1.0682352941176472,1,1
2023-12-19,60.166666666666664,54.833333333333336,1.3461764705882353,1,1
2023-12-20,59.666666666666664,50.333333333333336,1.2208823529411763,1,1
2023-12-21,65.0,48.833333333333336,0.25323529411764706,1,1
2023-12-22,67.5,43.833333333333336,0.0004,1,1
2023-12-23,63.2,38.2,0.0,1,1
2023-12-24,58.0,36.4,0.0004166666666666667,1,1
2023-12-25,57.0,38.4,0.0004166666666666667,1,1
2023-12-26,58.0,41.0,0.0,1,1
2023-12-27,56.833333333333336,46.833333333333336,0.18000000000000002,1,1
2023-12-28,59.0,51.833333333333336,0.9190909090909091,1,1
2023-12-29,59.833333333333336,52.0,0.2916129032258064,1,1
2023-12-30,61.166666666666664,48.666666666666664,1.1757575757575758,1,1
2023-12-31,58.8,47.2,0.032857142857142856,1,1
2024-01-01,61.6,42.0,0.00125,1,1
2024-01-02,57.333333333333336,40.666666666666664,0.10999999999999999,1,1
2024-01-03,56.5,42.166666666666664,0.9554285714285714,1,1
2024-01-04,61.5,39.5,0.003703703703703704,1,1
2024-01-05,64.5,42.166666666666664,0.0032142857142857142,1,1
2024-01-06,57.0,38.0,0.04296296296296296,1,1
2024-01-07,53.833333333333336,33.333333333333336,0.2209375,1,0
2024-01-08,55.333333333333336,34.0,0.0003846153846153846,1,0
2024-01-09,57.5,40.5,0.13363636363636364,1,1
2024-01-10,56.833333333333336,38.833333333333336,0.09129032258064516,1,0
2024-01-11,55.666666666666664,34.0,0.03321428571428572,1,0
2024-01-12,52.833333333333336,36.833333333333336,0.0012,1,1
2024-01-13,55.5,44.333333333333336,0.24266666666666667,1,1
2024-01-14,58.833333333333336,42.833333333333336,1.0675757575757574,1,1
2024-01-15,58.833333333333336,42.166666666666664,0.0032,1,1
2024-01-16,55.166666666666664,41.0,0.03666666666666666,1,1
2024-01-17,59.0,46.666666666666664,0.38942857142857146,1,1
2024-01-18,59.5,44.5,0.0020833333333333333,1,1
2024-01-19,57.0,46.0,0.08875,1,1
2024-01-20,58.0,50.833333333333336,0.8058823529411764,1,1
2024-01-21,56.166666666666664,51.5,0.8214285714285714,1,1
2024-01-22,61.0,51.333333333333336,1.6577777777777778,1,1
2024-01-23,61.666666666666664,46.333333333333336,0.12466666666666668,1,1
2024-01-24,57.833333333333336,48.5,0.2903030303030303,1,1
2024-01-25,60.333333333333336,42.833333333333336,0.2529411764705882,1,1
2024-01-26,60.0,49.833333333333336,0.0028000000000000004,1,0
2024-01-27,63.833333333333336,47.333333333333336,0.0015384615384615385,1,1
2024-01-28,69.16666666666667,49.5,0.0,1,1
2024-01-29,72.66666666666667,48.333333333333336,0.001153846153846154,1,1
2024-01-30,69.66666666666667,47.333333333333336,0.0023076923076923075,1,1
2024-01-31,62.0,50.666666666666664,0.28555555555555556,1,1
2024-02-01,56.0,47.333333333333336,2.128823529411765,1,1
2024-02-02,55.5,43.333333333333336,0.35028571428571426,1,1
2024-02-03,54.666666666666664,40.0,0.11542857142857144,1,1
2024-02-04,56.666666666666664,44.333333333333336,1.0970588235294116,1,1
2024-02-05,57.166666666666664,47.166666666666664,1.372121212121212,1,1
2024-02-06,59.0,40.5,0.15470588235294117,1,1
2024-02-07,55.0,38.333333333333336,0.07285714285714286,1,1
2024-02-08,55.666666666666664,35.0,0.3108823529411765,1,1
2024-02-09,57.666666666666664,35.5,0.0,1,1
2024-02-10,63.333333333333336,38.0,0.0,1,1
2024-02-11,62.833333333333336,37.0,0.0004166666666666667,1,1
2024-02-12,61.833333333333336,39.166666666666664,0.0,1,1
2024-02-13,60.5,40.166666666666664,0.0008333333333333334,1,1
2024-02-14,56.166666666666664,47.5,0.07851851851851853,1,1
2024-02-15,59.0,45.833333333333336,0.6852941176470588,1,1
2024-02-16,59.166666666666664,46.0,0.015384615384615385,1,1
2024-02-17,56.666666666666664,49.833333333333336,0.1803448275862069,1,1
2024-02-18,60.833333333333336,46.0,1.3399999999999999,1,1
2024-02-19,59.5,49.833333333333336,1.3729411764705883,1,1
2024-02-20,55.5,48.666666666666664,0.9428571428571428,1,1
2024-02-21,57.666666666666664,45.0,0.4691428571428572,1,1
2024-02-22,61.0,42.666666666666664,0.14666666666666667,1,1
2024-02-23,67.5,39.666666666666664,0.002,1,1
2024-02-24,71.33333333333333,42.166666666666664,0.0,1,0
2024-02-25,67.66666666666667,42.0,0.0,1,1
2024-02-26,63.0,43.333333333333336,0.004814814814814815,1,1
2024-02-27,64.33333333333333,39.333333333333336,0.00896551724137931,1,0
2024-02-28,67.33333333333333,37.5,0.0019230769230769232,1,0
2024-02-29,59.833333333333336,44.833333333333336,0.11032258064516129,1,1
2024-03-01,55.0,45.166666666666664,0.6391176470588236,1,1
2024-03-02,51.166666666666664,39.666666666666664,0.7485294117647059,1,1
2024-03-03,52.333333333333336,37.833333333333336,0.47852941176470587,1,1
2024-03-04,54.0,36.833333333333336,0.10441176470588234,1,1
2024-03-05,56.333333333333336,47.0,0.3084848484848485,1,1
2024-03-06,61.166666666666664,47.666666666666664,0.1690909090909091,1,1
2024-03-07,63.166666666666664,43.166666666666664,0.041739130434782605,1,1
2024-03-08,66.5,38.833333333333336,0.0,1,0
2024-03-09,61.666666666666664,42.666666666666664,0.005416666666666667,1,1
2024-03-10,59.666666666666664,42.166666666666664,0.0667857142857143,1,1
2024-03-11,58.333333333333336,39.166666666666664,0.37272727272727274,1,1
2024-03-12,61.666666666666664,46.666666666666664,0.29515151515151516,1,1
2024-03-13,66.16666666666667,42.166666666666664,0.017916666666666668,1,0
2024-03-14,69.33333333333333,45.666666666666664,0.0,1,0
2024-03-15,74.33333333333333,52.666666666666664,0.0,1,0
2024-03-16,72.33333333333333,40.5,0.0,1,1
2024-03-17,70.5,43.5,0.0,1,1
2024-03-18,70.5,44.166666666666664,0.0,1,1
2024-03-19,68.66666666666667,46.166666666666664,0.0004166666666666667,1,1
2024-03-20,67.0,41.833333333333336,0.0004166666666666667,1,1
2024-03-21,66.83333333333333,46.666666666666664,0.0,1,0
2024-03-22,63.333333333333336,46.0,0.06925925925925926,1,1
2024-03-23,59.0,46.0,0.7502941176470588,1,1
2024-03-24,61.166666666666664,44.0,0.2175,1,1
2024-03-25,63.5,44.333333333333336,0.0004,1,0
2024-03-26,65.16666666666667,40.333333333333336,0.0,1,1
2024-03-27,59.833333333333336,42.333333333333336,0.05035714285714286,1,1
2024-03-28,58.5,43.333333333333336,0.6270588235294118,1,1
2024-03-29,54.0,43.166666666666664,0.21903225806451612,1,1
2024-03-30,61.166666666666664,44.333333333333336,0.8038235294117646,1,0
2024-03-31,66.0,43.166666666666664,0.060689655172413794,1,1
2024-04-01,76.66666666666667,44.5,0.002,1,1
2024-04-02,73.5,46.666666666666664,0.0,1,1
2024-04-03,66.33333333333333,46.333333333333336,0.0,1,1
2024-04-04,57.333333333333336,40.0,0.1553125,1,1
2024-04-05,59.333333333333336,38.0,0.1559375,1,1
2024-04-06,59.833333333333336,35.166666666666664,0.0038461538461538464,1,1
2024-04-07,63.5,37.666666666666664,0.0,1,1
2024-04-08,72.33333333333333,42.0,0.0,1,0
2024-04-09,76.0,44.5,0.0,1,0
2024-04-10,78.66666666666667,43.666666666666664,0.0,1,1
2024-04-11,78.66666666666667,46.8,0.0,1,1
2024-04-12,66.14285714285714,44.285714285714285,0.00962962962962963,1,1
2024-04-13,53.857142857142854,43.857142857142854,0.5708823529411765,1,1
2024-04-14,57.42857142857143,42.57142857142857,0.08774193548387098,1,0
2024-04-15,66.42857142857143,41.42857142857143,0.006071428571428572,1,1
2024-04-16,73.42857142857143,43.142857142857146,0.0,1,1
2024-04-17,77.57142857142857,46.142857142857146,0.0,1,1
2024-04-18,78.28571428571429,46.57142857142857,0.0,1,1
2024-04-19,71.0,49.42857142857143,0.0,1,1
2024-04-20,75.57142857142857,48.142857142857146,0.0,1,1
2024-04-21,80.85714285714286,47.142857142857146,0.0,1,1
2024-04-22,79.28571428571429,48.857142857142854,0.0,1,1
2024-04-23,66.14285714285714,51.57142857142857,0.0,1,0
2024-04-24,65.0,50.857142857142854,0.0012,1,0
2024-04-25,68.42857142857143,48.857142857142854,0.0,1,1
2024-04-26,68.28571428571429,49.0,0.005769230769230769,1,0
2024-04-27,71.28571428571429,43.714285714285715,0.0,1,1
2024-04-28,74.14285714285714,47.0,0.0,1,0
2024-04-29,74.14285714285714,47.42857142857143,0.0,1,0
2024-04-30,73.57142857142857,43.0,0.0,1,0
2024-05-01,78.85714285714286,44.857142857142854,0.0,1,0
2024-05-02,77.85714285714286,49.714285714285715,0.0,1,0
2024-05-03,77.85714285714286,47.857142857142854,0.0,1,0
2024-05-04,62.857142857142854,44.714285714285715,0.49,1,1
2024-05-05,63.57142857142857,40.42857142857143,0.6559375,1,0
2024-05-06,67.42857142857143,39.142857142857146,0.0,1,1
2024-05-07,73.28571428571429,43.285714285714285,0.0,1,0
2024-05-08,81.57142857142857,46.857142857142854,0.0,1,0
2024-05-09,84.85714285714286,55.285714285714285,0.0,1,0
2024-05-10,88.28571428571429,48.42857142857143,0.0,1,0
2024-05-11,83.42857142857143,49.714285714285715,0.0,1,1
2024-05-12,75.85714285714286,48.0,0.0,1,1
2024-05-13,71.5,48.0,0.0,1,1
2024-05-14,74.0,48.285714285714285,0.0,1,1
2024-05-15,72.57142857142857,49.42857142857143,0.0,1,1
2024-05-16,68.14285714285714,51.0,0.0023076923076923075,1,1
2024-05-17,68.85714285714286,49.42857142857143,0.003076923076923077,1,1
2024-05-18,66.33333333333333,50.333333333333336,0.0,1,1
2024-05-19,74.5,49.0,0.0,1,1
2024-05-20,77.5,46.0,0.0,1,0
2024-05-21,85.66666666666667,47.0,0.0,1,1
2024-05-22,83.71428571428571,47.285714285714285,0.0,1,1
2024-05-23,81.28571428571429,48.142857142857146,0.0,1,0
2024-05-24,74.14285714285714,44.42857142857143,0.0,1,1
2024-05-25,70.85714285714286,47.42857142857143,0.0,1,1
2024-05-26,76.85714285714286,44.714285714285715,0.0,1,1
2024-05-27,77.71428571428571,45.857142857142854,0.0,1,1
2024-05-28,82.0,47.714285714285715,0.0,1,1
2024-05-29,86.0,51.285714285714285,0.0,1,0
2024-05-30,88.14285714285714,52.42857142857143,0.0,1,0
2024-05-31,86.57142857142857,51.285714285714285,0.0,1,1
2024-06-01,86.28571428571429,47.57142857142857,0.0,1,1
2024-06-02,85.14285714285714,53.0,0.0,1,0
2024-06-03,80.71428571428571,58.57142857142857,0.0,1,0
2024-06-04,94.71428571428571,55.42857142857143,0.0,1,0
2024-06-05,97.0,59.0,0.0,1,0
2024-06-06,87.0,53.42857142857143,0.0,1,1
2024-06-07,80.71428571428571,50.142857142857146,0.0,1,1
2024-06-08,80.33333333333333,52.333333333333336,0.0,1,1
2024-06-09,81.28571428571429,51.42857142857143,0.0,1,0
2024-06-10,84.14285714285714,51.42857142857143,0.0,1,1
2024-06-11,94.28571428571429,50.57142857142857,0.0,1,1
2024-06-12,87.71428571428571,51.57142857142857,0.0,1,1
2024-06-13,76.0,49.57142857142857,0.0,1,1
2024-06-14,83.57142857142857,47.285714285714285,0.0,1,1
2024-06-15,85.71428571428571,49.857142857142854,0.0,1,1
2024-06-16,85.28571428571429,51.857142857142854,0.0,1,1
2024-06-17,85.71428571428571,49.857142857142854,0.0,1,1
2024-06-18,86.28571428571429,52.142857142857146,0.0,1,1
2024-06-19,79.0,46.714285714285715,0.0,1,0
2024-06-20,79.42857142857143,48.285714285714285,0.0,1,1
2024-06-21,82.57142857142857,49.42857142857143,0.0,1,1
2024-06-22,91.28571428571429,48.285714285714285,0.0,1,1
2024-06-23,89.42857142857143,51.142857142857146,0.0,1,1
2024-06-24,88.42857142857143,49.285714285714285,0.0,1,1
2024-06-25,84.85714285714286,51.57142857142857,0.0,1,0
2024-06-26,81.85714285714286,51.857142857142854,0.0,1,0
2024-06-27,86.57142857142857,49.285714285714285,0.0,1,0
2024-06-28,89.14285714285714,51.0,0.0,1,0
2024-06-29,86.14285714285714,51.857142857142854,0.0,1,0
2024-06-30,94.83333333333333,61.0,0.0,1,0
2024-07-01,95.28571428571429,57.285714285714285,0.0,1,0
2024-07-02,103.57142857142857,61.285714285714285,0.0,1,1
2024-07-03,103.57142857142857,60.857142857142854,0.0,1,1
2024-07-04,96.0,57.166666666666664,0.0,1,0
2024-07-05,93.33333333333333,53.833333333333336,0.0,1,0
2024-07-06,99.66666666666667,55.5,0.0,1,1
2024-07-07,90.0,55.142857142857146,0.0,1,1
2024-07-08,85.57142857142857,55.714285714285715,0.0,1,1
2024-07-09,82.71428571428571,55.857142857142854,0.0,1,1
2024-07-10,92.28571428571429,55.857142857142854,0.0,1,1
2024-07-11,99.57142857142857,56.714285714285715,0.0,1,1
2024-07-12,95.42857142857143,56.57142857142857,0.0,1,1
2024-07-13,84.0,53.714285714285715,0.0,1,1
2024-07-14,81.28571428571429,54.285714285714285,0.0,1,1
2024-07-15,78.42857142857143,53.57142857142857,0.0,1,1
2024-07-16,76.14285714285714,49.57142857142857,0.0,1,1
2024-07-17,81.71428571428571,49.857142857142854,0.0,1,1
2024-07-18,90.28571428571429,51.57142857142857,0.0,1,1
2024-07-19,101.71428571428571,52.285714285714285,0.0,1,0
2024-07-20,96.14285714285714,56.142857142857146,0.0,1,1
2024-07-21,90.0,52.857142857142854,0.0,1,1
2024-07-22,91.71428571428571,55.42857142857143,0.0,1,1
2024-07-23,98.85714285714286,58.57142857142857,0.0,1,1
2024-07-24,94.85714285714286,60.285714285714285,0.0,1,1
2024-07-25,89.71428571428571,55.42857142857143,0.0,1,1
2024-07-26,83.71428571428571,51.142857142857146,0.0,1,1
2024-07-27,76.14285714285714,53.0,0.0,1,1
2024-07-28,76.14285714285714,53.0,0.0,1,1
2024-07-29,78.14285714285714,53.0,0.0,1,1
2024-07-30,84.0,53.714285714285715,0.0,1,1
2024-07-31,84.71428571428571,53.857142857142854,0.0,1,1
2024-08-01,90.66666666666667,52.666666666666664,0.0,1,1
2024-08-02,90.66666666666667,51.5,0.0,1,1
2024-08-03,93.0,56.833333333333336,0.0,1,0
2024-08-04,89.16666666666667,54.5,0.0,1,1
2024-08-05,84.85714285714286,52.714285714285715,0.0,1,1
2024-08-06,91.71428571428571,50.714285714285715,0.0,1,1
2024-08-07,91.0,51.714285714285715,0.0,1,1
2024-08-08,82.71428571428571,53.142857142857146,0.0,1,1
2024-08-09,84.0,51.285714285714285,0.0,1,1
2024-08-10,85.71428571428571,52.285714285714285,0.0,1,1
2024-08-11,82.28571428571429,52.0,0.0,1,1
2024-08-12,82.57142857142857,52.142857142857146,0.0,1,1
2024-08-13,87.71428571428571,50.142857142857146,0.0,1,0
2024-08-14,91.71428571428571,53.0,0.0,1,0
2024-08-15,91.42857142857143,54.714285714285715,0.0,1,0
2024-08-16,90.42857142857143,54.42857142857143,0.0,1,0
2024-08-17,79.71428571428571,55.42857142857143,0.0,1,0
2024-08-18,80.85714285714286,54.42857142857143,0.0024000000000000002,1,1
2024-08-19,85.14285714285714,50.285714285714285,0.0,1,1
2024-08-20,89.57142857142857,51.857142857142854,0.0,1,0
2024-08-21,86.28571428571429,51.285714285714285,0.0,1,0
2024-08-22,81.85714285714286,52.142857142857146,0.0,1,1
2024-08-23,74.0,50.857142857142854,0.0,1,0
2024-08-24,76.42857142857143,57.142857142857146,0.034074074074074076,1,1
2024-08-25,86.0,51.714285714285715,0.0052,1,0
2024-08-26,92.28571428571429,52.42857142857143,0.0,1,0
2024-08-27,95.14285714285714,52.714285714285715,0.0,1,0
2024-08-28,91.14285714285714,54.285714285714285,0.0,1,1
2024-08-29,82.42857142857143,53.714285714285715,0.0,1,1
2024-08-30,81.33333333333333,53.5,0.0,1,1
2024-08-31,83.0,50.6,0.0,1,0
2024-09-01,84.0,49.6,0.0,1,1
2024-09-02,83.0,49.714285714285715,0.0,1,1
2024-09-03,94.14285714285714,50.714285714285715,0.0,1,0
2024-09-04,92.42857142857143,52.714285714285715,0.0,1,1
2024-09-05,93.85714285714286,52.285714285714285,0.0,1,1
2024-09-06,91.71428571428571,50.0,0.0,1,1
2024-09-07,87.71428571428571,50.142857142857146,0.0,1,1
2024-09-08,92.14285714285714,50.285714285714285,0.0,1,1
2024-09-09,87.33333333333333,50.0,0.0,1,1
2024-09-10,77.14285714285714,52.0,0.0,1,1
2024-09-11,80.71428571428571,49.142857142857146,0.0,1,1
2024-09-12,84.85714285714286,51.0,0.0,1,0
2024-09-13,88.14285714285714,50.0,0.0,1,0
2024-09-14,82.14285714285714,49.42857142857143,0.0,1,1
2024-09-15,78.14285714285714,49.0,0.0,1,1
2024-09-16,76.57142857142857,51.0,0.0,1,0
2024-09-17,73.71428571428571,52.142857142857146,0.0,1,1
2024-09-18,74.71428571428571,53.57142857142857,0.0,1,1
2024-09-19,75.85714285714286,51.142857142857146,0.0,1,1
2024-09-20,76.85714285714286,51.714285714285715,0.0,1,1
2024-09-21,78.28571428571429,51.714285714285715,0.0,1,1
2024-09-22,83.71428571428571,51.285714285714285,0.0,1,1
2024-09-23,94.57142857142857,49.285714285714285,0.0,1,1
2024-09-24,96.28571428571429,52.714285714285715,0.0,1,0
2024-09-25,83.71428571428571,54.714285714285715,0.0,1,0
2024-09-26,81.14285714285714,54.714285714285715,0.0,0,0
2024-09-27,91.0,52.285714285714285,0.0,1,1
2024-09-28,87.0,50.142857142857146,0.0,1,0
2024-09-29,81.5,51.166666666666664,0.0,1,1
2024-09-30,91.16666666666667,50.666666666666664,0.0,1,1
2024-10-01,103.57142857142857,53.0,0.0,1,0
2024-10-02,103.71428571428571,58.42857142857143,0.0,1,0
2024-10-03,99.57142857142857,52.714285714285715,0.0,1,0
2024-10-04,93.0,48.285714285714285,0.0,1,1
2024-10-05,101.0,56.714285714285715,0.0,1,0
2024-10-06,103.57142857142857,60.42857142857143,0.0,1,0
2024-10-07,102.14285714285714,62.0,0.0,1,0
2024-10-08,94.42857142857143,53.42857142857143,0.0,1,1
2024-10-09,84.57142857142857,50.714285714285715,0.0,1,1
2024-10-10,82.85714285714286,49.0,0.0,1,1
2024-10-11,77.71428571428571,48.57142857142857,0.0,1,1
2024-10-12,69.33333333333333,52.333333333333336,0.044642857142857144,1,1
2024-10-13,77.28571428571429,55.285714285714285,0.15933333333333335,1,1
2024-10-14,78.85714285714286,50.285714285714285,0.0004,1,1
2024-10-15,82.85714285714286,49.57142857142857,0.0008,1,1
2024-10-16,79.42857142857143,54.0,0.0008,1,0
2024-10-17,75.71428571428571,47.57142857142857,0.0012000000000000001,1,1
2024-10-18,80.57142857142857,45.42857142857143,0.0,1,0
2024-10-19,86.14285714285714,51.42857142857143,0.0,1,0
2024-10-20,82.57142857142857,45.57142857142857,0.0,1,0
2024-10-21,78.85714285714286,43.285714285714285,0.0,1,1
2024-10-22,75.71428571428571,45.142857142857146,0.0,1,1
2024-10-23,80.28571428571429,43.57142857142857,0.0,1,1
2024-10-24,79.0,42.857142857142854,0.0,1,1
2024-10-25,80.71428571428571,44.57142857142857,0.0,1,1
2024-10-26,80.57142857142857,44.142857142857146,0.0,1,0
2024-10-27,73.71428571428571,50.142857142857146,0.012413793103448275,1,1
2024-10-28,69.14285714285714,43.142857142857146,0.03137931034482759,1,1
2024-10-29,69.42857142857143,40.57142857142857,0.02793103448275862,1,0
2024-10-30,66.14285714285714,39.57142857142857,0.026538461538461542,1,1
2024-10-31,64.28571428571429,42.142857142857146,0.19617647058823529,1,1
2024-11-01,63.0,41.166666666666664,0.05653846153846154,1,1
2024-11-02,65.71428571428571,43.57142857142857,0.4685714285714285,1,1
2024-11-03,70.42857142857143,45.857142857142854,0.022857142857142857,1,0
2024-11-04,75.42857142857143,44.142857142857146,0.0,1,0
2024-11-05,73.28571428571429,46.714285714285715,0.0,1,0
2024-11-06,73.14285714285714,47.714285714285715,0.0,1,0
2024-11-07,73.57142857142857,40.142857142857146,0.0,1,0
2024-11-08,72.57142857142857,37.142857142857146,0.0,1,0
2024-11-09,69.71428571428571,36.42857142857143,0.0,1,0
2024-11-10,70.57142857142857,37.42857142857143,0.009583333333333334,1,1
2024-11-11,64.14285714285714,46.0,0.2515625,1,1
2024-11-12,62.285714285714285,39.714285714285715,0.36966666666666664,1,1
2024-11-13,58.857142857142854,41.42857142857143,0.05291666666666667,1,1
2024-11-14,59.714285714285715,43.142857142857146,0.3438709677419355,1,1
2024-11-15,60.0,38.714285714285715,0.118125,1,1
2024-11-16,61.42857142857143,35.142857142857146,0.0,1,0
2024-11-17,59.42857142857143,37.142857142857146,0.00125,1,1
2024-11-18,58.285714285714285,36.57142857142857,0.04379310344827586,1,0
2024-11-19,56.142857142857146,33.714285714285715,0.004814814814814815,1,0
2024-11-20,54.714285714285715,45.0,1.3,1,1
2024-11-21,58.857142857142854,52.714285714285715,5.454,1,1
2024-11-22,59.142857142857146,53.857142857142854,3.5336363636363637,1,1
2024-11-23,58.285714285714285,45.0,1.7775757575757574,1,1
2024-11-24,59.142857142857146,41.285714285714285,0.10689655172413794,1,1
2024-11-25,56.857142857142854,48.57142857142857,0.12666666666666665,1,1
2024-11-26,57.57142857142857,45.57142857142857,0.31636363636363635,1,1
2024-11-27,62.0,37.833333333333336,0.008148148148148147,1,1
2024-11-28,63.0,32.6,0.0026086956521739132,1,1
2024-11-29,65.8,33.4,0.0016666666666666668,1,0
2024-11-30,61.0,30.6,0.012083333333333335,1,1
2024-12-01,63.5,39.0,0.01423076923076923,1,0
2024-12-02,67.42857142857143,39.142857142857146,0.01107142857142857,1,0
2024-12-03,68.14285714285714,39.42857142857143,0.0008,1,0
2024-12-04,68.71428571428571,38.857142857142854,0.0008333333333333334,1,0
2024-12-05,69.14285714285714,43.42857142857143,0.001153846153846154,1,0
2024-12-06,70.14285714285714,40.142857142857146,0.0008333333333333334,1,0
2024-12-07,65.14285714285714,39.857142857142854,0.0,1,0
2024-12-08,67.57142857142857,41.0,0.0004,1,0
2024-12-09,66.14285714285714,34.57142857142857,0.0,1,1
2024-12-10,61.0,32.142857142857146,0.032,1,0
2024-12-11,59.42857142857143,33.142857142857146,0.0496,1,0
2024-12-12,54.714285714285715,41.857142857142854,0.9690625,1,0
2024-12-13,53.857142857142854,46.857142857142854,0.44433333333333336,1,0
2024-12-14,56.285714285714285,44.714285714285715,2.426774193548387,1,0
2024-12-15,52.142857142857146,37.57142857142857,0.14965517241379309,1,0
2024-12-16,50.714285714285715,42.0,0.6735714285714286,1,1
2024-12-17,59.0,44.714285714285715,0.37870967741935485,1,0
2024-12-18,58.57142857142857,38.285714285714285,0.004074074074074074,1,0
2024-12-19,53.857142857142854,42.142857142857146,0.004074074074074074,1,0
2024-12-20,53.285714285714285,43.857142857142854,0.004230769230769231,1,0
2024-12-21,56.42857142857143,46.142857142857146,0.26129032258064516,1,0
2024-12-22,58.42857142857143,50.0,0.285625,1,0
2024-12-23,59.57142857142857,53.57142857142857,0.4975757575757576,1,0
2024-12-24,59.333333333333336,47.666666666666664,0.668125,1,0
2024-12-25,52.666666666666664,38.333333333333336,0.15166666666666667,1,0
2024-12-26,55.857142857142854,45.857142857142854,0.3521875,1,0
2024-12-27,60.57142857142857,51.42857142857143,1.0484848484848486,1,0
2024-12-28,60.714285714285715,52.57142857142857,0.17483870967741935,1,0
2024-12-29,60.285714285714285,45.57142857142857,0.7243333333333334,1,0
2024-12-30,59.42857142857143,37.42857142857143,0.10758620689655173,1,0
2024-12-31,57.714285714285715,34.142857142857146,0.0012000000000000001,1,0
2025-01-01,53.42857142857143,37.714285714285715,0.0009090909090909091,1,0
2025-01-02,61.714285714285715,43.42857142857143,0.011111111111111112,1,0
2025-01-03,59.285714285714285,43.42857142857143,0.330625,1,0
2025-01-04,57.142857142857146,39.57142857142857,0.22896551724137934,1,0
2025-01-05,61.57142857142857,40.285714285714285,0.0019230769230769232,1,0
2025-01-06,59.142857142857146,44.42857142857143,0.0024,1,0
2025-01-07,69.0,47.285714285714285,0.0007692307692307692,1,0
2025-01-08,70.14285714285714,43.285714285714285,0.0,1,0
2025-01-09,76.0,37.0,0.0,1,0
2025-01-10,69.28571428571429,41.0,0.0,1,0
2025-01-11,69.14285714285714,42.142857142857146,0.0,1,0
2025-01-12,68.28571428571429,38.57142857142857,0.0,1,0
2025-01-13,67.14285714285714,39.42857142857143,0.0,1,0
2025-01-14,63.285714285714285,33.142857142857146,0.0,1,0
2025-01-15,64.57142857142857,34.142857142857146,0.0,1,0
2025-01-16,64.0,34.285714285714285,0.0004,1,0
2025-01-17,58.42857142857143,36.142857142857146,0.0,1,0
2025-01-18,57.0,38.0,0.0,1,0
2025-01-19,54.0,33.142857142857146,0.00125,1,0
2025-01-20,66.85714285714286,35.142857142857146,0.0,1,0
2025-01-21,65.42857142857143,30.285714285714285,0.02,1,0
2025-01-22,66.85714285714286,30.571428571428573,0.034782608695652174,1,0
2025-01-23,68.28571428571429,33.285714285714285,0.005,1,0
2025-01-24,66.71428571428571,34.0,0.0004347826086956522,1,0
2025-01-25,61.714285714285715,36.857142857142854,0.0008,1,0
2025-01-26,61.142857142857146,40.0,0.003461538461538461,1,0
2025-01-27,64.57142857142857,36.0,0.0,1,0
2025-01-28,62.0,31.0,0.0,1,0
2025-01-29,52.714285714285715,36.0,0.002916666666666667,1,0
2025-01-30,50.666666666666664,37.5,0.0,1,0
2025-01-31,51.285714285714285,43.285714285714285,0.1317241379310345,1,0
2025-02-01,56.42857142857143,48.714285714285715,1.0623529411764705,1,1
2025-02-02,57.57142857142857,54.714285714285715,1.9949999999999999,1,1
2025-02-03,57.142857142857146,52.57142857142857,0.7106060606060606,1,1
2025-02-04,56.57142857142857,43.42857142857143,1.997058823529412,1,1
2025-02-05,56.142857142857146,33.285714285714285,1.5633333333333335,1,1
2025-02-06,56.142857142857146,36.0,0.21379310344827587,1,1
2025-02-07,57.857142857142854,39.0,0.9136363636363636,1,1
2025-02-08,59.142857142857146,34.42857142857143,0.0,1,1
2025-02-09,60.0,32.42857142857143,0.0,1,1
2025-02-10,58.714285714285715,30.285714285714285,0.0,1,1
2025-02-11,52.57142857142857,30.857142857142858,0.0,1,1
2025-02-12,53.57142857142857,35.57142857142857,0.05333333333333333,1,1
2025-02-13,55.714285714285715,42.142857142857146,1.7566666666666666,1,1
2025-02-14,56.833333333333336,42.333333333333336,0.9199999999999999,1,1
2025-02-15,60.166666666666664,35.5,0.002,1,0
2025-02-16,57.833333333333336,40.666666666666664,0.09275862068965517,1,1
2025-02-17,60.285714285714285,41.142857142857146,0.017777777777777778,1,1
2025-02-18,64.28571428571429,41.142857142857146,0.0004,1,1
2025-02-19,62.714285714285715,44.42857142857143,0.008461538461538463,1,1
2025-02-20,69.85714285714286,39.857142857142854,0.058,1,1
2025-02-21,70.28571428571429,39.285714285714285,0.0,1,1
2025-02-22,70.28571428571429,38.857142857142854,0.0,1,1
2025-02-23,66.71428571428571,47.42857142857143,0.002307692307692308,1,1
2025-02-24,61.42857142857143,48.0,0.0108,1,1
2025-02-25,67.28571428571429,42.142857142857146,0.0272,1,1
2025-02-26,72.42857142857143,39.57142857142857,0.0004,1,1
2025-02-27,76.57142857142857,40.714285714285715,0.0,1,1
2025-02-28,78.57142857142857,42.0,0.0,1,1
2025-03-01,69.28571428571429,43.857142857142854,0.0004166666666666667,1,1
2025-03-02,60.42857142857143,44.0,0.04461538461538461,1,1
2025-03-03,61.0,38.285714285714285,0.004347826086956522,1,0
2025-03-04,60.333333333333336,41.166666666666664,0.0,1,0
2025-03-05,61.57142857142857,43.57142857142857,0.0026086956521739132,1,0
2025-03-06,61.857142857142854,36.42857142857143,0.0,1,0
2025-03-07,67.71428571428571,38.142857142857146,0.0,1,1
2025-03-08,67.42857142857143,36.142857142857146,0.0,1,1
2025-03-09,63.42857142857143,34.42857142857143,0.0,1,1
2025-03-10,69.0,36.857142857142854,0.0,1,0
2025-03-11,65.28571428571429,37.42857142857143,0.0,1,0
2025-03-12,56.714285714285715,43.42857142857143,0.1504,1,1
2025-03-13,56.142857142857146,40.57142857142857,0.89875,1,1
2025-03-14,55.285714285714285,40.42857142857143,0.5863333333333334,1,1
2025-03-15,55.142857142857146,42.0,0.29931034482758617,1,1
2025-03-16,56.57142857142857,45.857142857142854,0.15642857142857142,1,1
2025-03-17,55.142857142857146,43.285714285714285,0.753125,1,1
2025-03-18,61.0,37.0,0.12838709677419355,1,0
2025-03-19,59.857142857142854,35.857142857142854,0.012916666666666667,1,1
2025-03-20,63.42857142857143,37.857142857142854,0.06233333333333334,1,1
2025-03-21,64.28571428571429,40.285714285714285,0.0048,1,0
2025-03-22,64.85714285714286,45.285714285714285,0.0004166666666666667,1,1
2025-03-23,72.42857142857143,43.857142857142854,0.004347826086956522,1,1
2025-03-24,82.14285714285714,45.714285714285715,0.0,1,1
2025-03-25,85.0,49.0,0.0,1,0
2025-03-26,61.166666666666664,51.333333333333336,0.035454545454545454,1,1
2025-03-27,60.142857142857146,52.142857142857146,0.28818181818181815,1,1
2025-03-28,60.857142857142854,44.857142857142854,0.20500000000000002,1,1
2025-03-29,63.57142857142857,38.714285714285715,0.019642857142857146,1,1
2025-03-30,60.57142857142857,44.57142857142857,0.2793548387096774,1,1
2025-03-31,58.57142857142857,45.57142857142857,0.48517241379310344,1,1
2025-04-01,57.285714285714285,44.0,0.24620689655172412,1,1
2025-04-02,62.42857142857143,40.142857142857146,0.17266666666666666,1,0
2025-04-03,64.71428571428571,38.42857142857143,0.0008333333333333334,1,1
2025-04-04,73.57142857142857,39.57142857142857,0.0,1,1
2025-04-05,74.42857142857143,42.142857142857146,0.0,1,0
2025-04-06,71.57142857142857,44.42857142857143,0.0018181818181818182,1,1
2025-04-07,68.0,49.0,0.15838709677419355,1,1
2025-04-08,69.42857142857143,44.142857142857146,0.0014285714285714288,1,1
2025-04-09,77.71428571428571,44.42857142857143,0.0,1,1
2025-04-10,74.42857142857143,45.857142857142854,0.0,1,1
2025-04-11,75.28571428571429,49.0,0.0,1,0
2025-04-12,71.57142857142857,41.714285714285715,0.0,1,1
2025-04-13,79.57142857142857,43.142857142857146,0.0,1,1
2025-04-14,79.28571428571429,44.142857142857146,0.0,1,1
2025-04-15,62.857142857142854,48.0,0.0,1,1
2025-04-16,58.57142857142857,48.714285714285715,0.0018181818181818182,1,0
2025-04-17,64.42857142857143,48.57142857142857,0.007916666666666667,1,0
2025-04-18,67.0,47.285714285714285,0.0,1,1
2025-04-19,64.28571428571429,45.142857142857146,0.0,1,1
2025-04-20,69.66666666666667,47.666666666666664,0.0,1,0
2025-04-21,76.42857142857143,45.857142857142854,0.0,1,0
2025-04-22,71.14285714285714,45.714285714285715,0.0,1,0
2025-04-23,67.85714285714286,42.42857142857143,0.0,1,0
2025-04-24,60.0,42.833333333333336,0.0,1,0
2025-04-25,60.42857142857143,45.857142857142854,0.0,1,0
2025-04-26,55.57142857142857,40.714285714285715,0.030454545454545456,1,0
2025-04-27,64.14285714285714,47.0,0.17709677419354838,1,0
2025-04-28,70.42857142857143,43.285714285714285,0.00045454545454545455,0,0
2025-04-29,75.14285714285714,43.714285714285715,0.0004761904761904762,0,0
2025-04-30,77.71428571428571,47.0,0.0,1,1
2025-05-01,72.14285714285714,48.285714285714285,0.0,1,1
2025-05-02,72.42857142857143,47.714285714285715,0.0,1,1
2025-05-03,71.57142857142857,49.0,0.0,1,0
2025-05-04,77.0,46.285714285714285,0.0,1,0
2025-05-05,85.0,52.142857142857146,0.0,1,0
2025-05-06,79.0,48.857142857142854,0.0,1,1
2025-05-07,70.85714285714286,49.57142857142857,0.0,1,1
2025-05-08,77.57142857142857,46.42857142857143,0.0,1,1
2025-05-09,87.42857142857143,46.857142857142854,0.0,1,1
2025-05-10,86.28571428571429,45.285714285714285,0.0,1,1
2025-05-11,77.42857142857143,47.142857142857146,0.0,1,0
2025-05-12,66.0,48.857142857142854,0.11413793103448276,1,1
2025-05-13,69.14285714285714,44.57142857142857,0.035555555555555556,1,1
2025-05-14,75.0,44.714285714285715,0.0,1,0
2025-05-15,78.42857142857143,46.42857142857143,0.0,1,1
2025-05-16,79.42857142857143,47.0,0.0,1,1
2025-05-17,76.71428571428571,49.714285714285715,0.0,1,0
2025-05-18,78.42857142857143,48.285714285714285,0.0,1,0
2025-05-19,83.42857142857143,53.0,0.0,1,0
2025-05-20,84.14285714285714,50.142857142857146,0.0,1,0
2025-05-21,83.14285714285714,47.857142857142854,0.0,1,0
2025-05-22,81.66666666666667,46.833333333333336,0.0,1,0
2025-05-23,77.0,45.0,0.0,1,1
2025-05-24,76.5,45.833333333333336,0.0,1,1
2025-05-25,76.5,44.833333333333336,0.0,1,1
2025-05-26,75.85714285714286,48.57142857142857,0.0,1,0
2025-05-27,79.14285714285714,47.714285714285715,0.0,1,1
2025-05-28,78.0,49.0,0.0,1,1
2025-05-29,85.85714285714286,48.0,0.0,1,0
2025-05-30,94.28571428571429,50.57142857142857,0.0,1,0
2025-05-31,92.71428571428571,52.142857142857146,0.0,1,1
2025-06-01,83.42857142857143,51.142857142857146,0.0,1,1
2025-06-02,73.14285714285714,48.0,0.0,1,1
2025-06-03,76.14285714285714,49.57142857142857,0.0,1,1
2025-06-04,74.42857142857143,50.42857142857143,0.0,1,1
2025-06-05,72.14285714285714,51.714285714285715,0.0,1,1
2025-06-06,73.71428571428571,52.42857142857143,0.0,1,1
2025-06-07,73.85714285714286,51.714285714285715,0.0,1,1
2025-06-08,74.14285714285714,51.142857142857146,0.0,1,1
2025-06-09,74.42857142857143,51.857142857142854,0.0,1,1
2025-06-10,73.71428571428571,51.857142857142854,0.0,1,1
2025-06-11,73.85714285714286,50.142857142857146,0.0,1,1
2025-06-12,77.0,46.142857142857146,0.0,1,1
2025-06-13,77.28571428571429,46.714285714285715,0.0,1,1
2025-06-14,79.0,45.714285714285715,0.0,1,1
2025-06-15,80.14285714285714,46.0,0.0,1,1
2025-06-16,80.85714285714286,46.142857142857146,0.0,1,1
2025-06-17,86.14285714285714,48.0,0.0,1,1
2025-06-18,91.85714285714286,50.142857142857146,0.0,1,0
2025-06-19,87.14285714285714,49.714285714285715,0.0,1,0
2025-06-20,78.85714285714286,48.0,0.0,1,0
2025-06-21,78.42857142857143,49.857142857142854,0.0,1,0
2025-06-22,79.85714285714286,51.857142857142854,0.0,1,0
2025-06-23,85.14285714285714,48.857142857142854,0.0,1,1
2025-06-24,78.33333333333333,50.0,0.0,1,1
2025-06-25,79.0,50.857142857142854,0.0,1,1
2025-06-26,85.57142857142857,49.57142857142857,0.0,1,1
2025-06-27,89.42857142857143,52.285714285714285,0.0,1,0
2025-06-28,87.85714285714286,53.142857142857146,0.0,1,0
2025-06-29,85.42857142857143,51.857142857142854,0.0,1,0
2025-06-30,82.57142857142857,50.714285714285715,0.0,1,0
2025-07-01,80.42857142857143,50.42857142857143,0.0,1,1
2025-07-02,83.71428571428571,52.42857142857143,0.0,1,1
2025-07-03,82.0,50.0,0.0,1,1
2025-07-04,80.33333333333333,48.833333333333336,0.0,1,1
2025-07-05,82.33333333333333,46.5,0.0,1,0
2025-07-06,83.16666666666667,48.166666666666664,0.0,1,1
2025-07-07,78.83333333333333,49.166666666666664,0.0,1,1
2025-07-08,76.5,53.5,0.0005263157894736842,1,1
2025-07-09,79.33333333333333,53.333333333333336,0.0,1,1
2025-07-10,91.85714285714286,50.285714285714285,0.0,1,1
2025-07-11,92.0,53.857142857142854,0.0,1,1
2025-07-12,83.71428571428571,52.714285714285715,0.0,1,1
2025-07-13,80.0,54.285714285714285,0.0,1,1
2025-07-14,82.14285714285714,53.0,0.0,1,1
2025-07-15,76.0,52.0,0.0005263157894736842,1,1
2025-07-16,72.57142857142857,54.142857142857146,0.002,1,1
2025-07-17,74.85714285714286,53.42857142857143,0.0010526315789473684,1,1
2025-07-18,76.0,52.714285714285715,0.0005555555555555556,1,1
2025-07-19,77.71428571428571,53.0,0.0010526315789473684,1,1
2025-07-20,79.14285714285714,53.42857142857143,0.004736842105263157,1,1
2025-07-21,77.57142857142857,53.57142857142857,0.0,1,1
2025-07-22,74.0,52.142857142857146,0.0,1,0
2025-07-23,74.28571428571429,53.0,0.0005,1,1
2025-07-24,74.57142857142857,53.285714285714285,0.002380952380952381,1,1
2025-07-25,74.71428571428571,53.57142857142857,0.0014285714285714286,1,1
2025-07-26,74.57142857142857,55.285714285714285,0.0,1,1
2025-07-27,75.14285714285714,54.57142857142857,0.0,1,1
2025-07-28,83.85714285714286,52.857142857142854,0.0,1,1
2025-07-29,86.71428571428571,51.285714285714285,0.0,1,1
2025-07-30,83.42857142857143,52.857142857142854,0.0005,1,1
2025-07-31,82.57142857142857,54.142857142857146,0.0,1,1
2025-08-01,85.71428571428571,52.714285714285715,0.0,1,1
2025-08-02,85.14285714285714,51.714285714285715,0.0,1,1
2025-08-03,89.42857142857143,50.285714285714285,0.0,1,1
2025-08-04,88.57142857142857,51.0,0.0,1,0
2025-08-05,86.0,49.42857142857143,0.0,1,0
2025-08-06,93.0,51.714285714285715,0.0,1,0
2025-08-07,92.0,55.57142857142857,0.0,1,0
2025-08-08,93.0,54.714285714285715,0.0,1,1
2025-08-09,90.71428571428571,54.57142857142857,0.0,1,0
2025-08-10,85.14285714285714,54.285714285714285,0.0,1,1
2025-08-11,82.14285714285714,54.42857142857143,0.0,1,1
2025-08-12,80.57142857142857,54.57142857142857,0.0,1,1
2025-08-13,79.28571428571429,56.0,0.0,1,1
2025-08-14,82.71428571428571,55.42857142857143,0.0,1,1
2025-08-15,91.85714285714286,54.57142857142857,0.0,1,1
2025-08-16,89.42857142857143,57.142857142857146,0.0,1,0
2025-08-17,81.85714285714286,54.57142857142857,0.0,1,1
2025-08-18,82.42857142857143,50.57142857142857,0.0,1,0
2025-08-19,87.14285714285714,49.0,0.0,1,0
2025-08-20,94.14285714285714,52.0,0.0,1,0
2025-08-21,97.85714285714286,53.857142857142854,0.0,1,1
2025-08-22,92.42857142857143,51.285714285714285,0.0,1,1
2025-08-23,85.71428571428571,53.285714285714285,0.0,1,1
2025-08-24,82.42857142857143,54.857142857142854,0.0,1,1
2025-08-25,81.71428571428571,55.285714285714285,0.0,1,0
2025-08-26,82.85714285714286,56.142857142857146,0.0,1,0
2025-08-27,82.85714285714286,54.857142857142854,0.0,0,0
2025-08-28,85.14285714285714,50.0,0.0,0,0
2025-08-29,85.85714285714286,51.42857142857143,0.0,0,0
2025-08-30,97.14285714285714,52.57142857142857,0.0,0,0
2025-08-31,97.57142857142857,53.285714285714285,0.0,0,0
2025-09-01,98.42857142857143,52.857142857142854,0.0,1,0
2025-09-02,90.0,56.285714285714285,0.0,1,0
2025-09-03,84.57142857142857,56.857142857142854,0.0,1,0
2025-09-04,79.42857142857143,53.142857142857146,0.0015789473684210526,1,0
2025-09-05,81.28571428571429,55.0,0.0,1,0
2025-09-06,78.14285714285714,56.142857142857146,0.0,1,0
2025-09-07,81.28571428571429,51.714285714285715,0.0,1,0
2025-09-08,79.28571428571429,53.285714285714285,0.003157894736842105,1,0
2025-09-09,73.71428571428571,59.714285714285715,0.0772,1,0
2025-09-10,74.0,59.285714285714285,0.061200000000000004,1,0
2025-09-11,79.57142857142857,59.285714285714285,0.0,1,0
2025-09-12,81.42857142857143,54.714285714285715,0.002857142857142857,1,0
2025-09-13,79.42857142857143,53.142857142857146,0.0,1,0
2025-09-14,85.57142857142857,51.142857142857146,0.0,1,0
2025-09-15,93.0,53.714285714285715,0.0,1,0
2025-09-16,91.0,54.57142857142857,0.0,1,0
2025-09-17,95.71428571428571,52.857142857142854,0.0,1,0
2025-09-18,84.0,56.857142857142854,0.0015,1,0
2025-09-19,81.28571428571429,56.142857142857146,0.0175,1,0
2025-09-20,81.14285714285714,55.857142857142854,0.0,1,0
2025-09-21,86.57142857142857,55.142857142857146,0.0,1,0
2025-09-22,92.28571428571429,52.57142857142857,0.0,1,0
2025-09-23,98.28571428571429,55.857142857142854,0.0,1,0
2025-09-24,84.71428571428571,58.714285714285715,0.0,1,0
2025-09-25,77.71428571428571,57.857142857142854,0.008095238095238095,1,0
2025-09-26,86.28571428571429,54.142857142857146,0.0,1,0
2025-09-27,80.57142857142857,51.714285714285715,0.0,1,0
2025-09-28,73.85714285714286,58.142857142857146,0.0,1,0
2025-09-29,72.85714285714286,58.57142857142857,0.030000000000000002,1,0
2025-09-30,70.0,59.57142857142857,0.20919999999999997,1,0
2025-10-01,69.57142857142857,58.714285714285715,0.16076923076923075,1,0
2025-10-02,70.0,56.57142857142857,0.18280000000000002,1,0
2025-10-03,74.0,53.57142857142857,0.0245,1,0
2025-10-04,77.28571428571429,49.857142857142854,0.00368421052631579,1,0
2025-10-05,83.28571428571429,48.285714285714285,0.0,1,0
2025-10-06,87.71428571428571,49.714285714285715,0.0,1,0
2025-10-07,89.85714285714286,50.285714285714285,0.0,1,0
2025-10-08,73.28571428571429,54.285714285714285,0.0005263157894736842,1,0
2025-10-09,65.0,54.857142857142854,0.0276,1,0
2025-10-10,69.57142857142857,47.142857142857146,0.023333333333333334,1,0
2025-10-11,71.28571428571429,49.285714285714285,0.10304347826086957,1,0
2025-10-12,73.71428571428571,45.714285714285715,0.028000000000000004,1,0
2025-10-13,65.42857142857143,48.57142857142857,0.1438095238095238,1,0
2025-10-14,56.142857142857146,49.714285714285715,0.7225806451612903,1,0
2025-10-15,64.28571428571429,51.714285714285715,0.15482758620689657,1,0
2025-10-16,71.28571428571429,47.42857142857143,0.004285714285714286,1,0
2025-10-17,78.85714285714286,45.42857142857143,0.0005263157894736842,1,0
2025-10-18,80.71428571428571,47.714285714285715,0.0,1,0
2025-10-19,79.14285714285714,48.714285714285715,0.0,1,0
2025-10-20,82.28571428571429,47.857142857142854,0.0005263157894736842,1,0
2025-10-21,83.14285714285714,47.857142857142854,0.0,1,0
2025-10-22,73.14285714285714,49.857142857142854,0.0,1,0
2025-10-23,72.14285714285714,46.57142857142857,0.0,1,0
2025-10-24,71.28571428571429,46.857142857142854,0.0005555555555555556,1,0
2025-10-25,65.85714285714286,52.57142857142857,0.1052,1,0
2025-10-26,62.142857142857146,51.714285714285715,0.1279310344827586,1,0
2025-10-27,69.85714285714286,48.857142857142854,0.16153846153846155,1,0
2025-10-28,75.71428571428571,45.42857142857143,0.0,1,0
2025-10-29,82.28571428571429,46.857142857142854,0.039473684210526314,1,0
2025-10-30,75.28571428571429,48.857142857142854,0.0,1,0
2025-10-31,75.85714285714286,45.142857142857146,0.0,1,0
2025-11-01,77.57142857142857,44.57142857142857,0.0005263157894736842,1,0
2025-11-02,79.14285714285714,47.857142857142854,0.0,1,0
2025-11-03,73.85714285714286,47.857142857142854,0.0,1,0
2025-11-04,67.85714285714286,54.142857142857146,0.005714285714285715,1,0
2025-11-05,64.57142857142857,54.0,0.8706666666666667,1,0
2025-11-06,68.14285714285714,53.57142857142857,0.37551724137931036,1,0
2025-11-07,69.0,52.42857142857143,0.02625,1,0
2025-11-08,75.0,46.42857142857143,0.004,1,0
2025-11-09,78.14285714285714,46.285714285714285,0.0005555555555555556,1,0
2025-11-10,80.0,49.0,0.0005555555555555556,1,0
2025-11-11,74.28571428571429,48.0,0.041666666666666664,1,0
2025-11-12,66.57142857142857,52.0,0.007826086956521738,1,0
2025-11-13,62.714285714285715,55.57142857142857,1.48,1,0
2025-11-14,65.14285714285714,49.42857142857143,0.5846666666666667,1,0
2025-11-15,68.14285714285714,45.142857142857146,0.00782608695652174,1,0
2025-11-16,62.285714285714285,52.285714285714285,0.15439999999999998,1,0
2025-11-17,59.285714285714285,49.57142857142857,1.242,1,0
2025-11-18,62.42857142857143,44.57142857142857,0.10814814814814815,1,0
2025-11-19,59.714285714285715,47.0,0.002857142857142857,1,0
2025-11-20,61.0,46.57142857142857,0.115,1,0
2025-11-21,70.0,41.857142857142854,0.0028571428571428576,1,0
2025-11-22,69.71428571428571,39.857142857142854,0.00045454545454545455,1,0
2025-11-23,57.285714285714285,44.857142857142854,0.0034782608695652175,1,0
2025-11-24,62.142857142857146,42.857142857142854,0.0014285714285714288,1,0
2025-11-25,57.0,42.142857142857146,0.0028571428571428576,1,0
2025-11-26,60.142857142857146,40.57142857142857,0.002857142857142857,1,0
2025-11-27,56.285714285714285,40.714285714285715,0.0025,1,0
2025-11-28,50.714285714285715,42.285714285714285,0.0010526315789473684,1,0
2025-11-29,51.285714285714285,41.857142857142854,0.0045,1,0
2025-11-30,50.142857142857146,41.857142857142854,0.0015,1,0
2025-12-01,57.285714285714285,40.285714285714285,0.0005,1,0
2025-12-02,61.42857142857143,38.57142857142857,0.0,1,0
2025-12-03,68.71428571428571,41.714285714285715,0.0005263157894736842,1,0
2025-12-04,62.285714285714285,35.57142857142857,0.0,1,0
2025-12-05,56.0,36.142857142857146,0.0,1,0
2025-12-06,50.714285714285715,38.42857142857143,0.0,1,0
2025-12-07,50.42857142857143,40.857142857142854,0.01894736842105263,1,0
2025-12-08,50.57142857142857,40.42857142857143,0.0017647058823529412,1,0
2025-12-09,50.857142857142854,40.714285714285715,0.0011111111111111111,1,0
2025-12-10,54.0,41.0,0.0015789473684210528,1,0
2025-12-11,54.0,39.0,0.0005555555555555556,1,0
2025-12-12,53.285714285714285,38.42857142857143,0.0015789473684210528,1,0
2025-12-13,51.57142857142857,36.57142857142857,0.0005555555555555556,1,0
2025-12-14,47.42857142857143,37.142857142857146,0.0005263157894736842,1,0
2025-12-15,51.42857142857143,38.57142857142857,0.0015,1,0
2025-12-16,57.857142857142854,40.42857142857143,0.01,1,0
2025-12-17,65.42857142857143,45.857142857142854,0.22034482758620688,1,0
2025-12-18,57.42857142857143,44.857142857142854,0.0275,1,0
2025-12-19,58.857142857142854,52.57142857142857,0.12708333333333333,1,0
2025-12-20,58.714285714285715,55.285714285714285,0.7646428571428572,1,0
2025-12-21,60.0,57.57142857142857,0.7333333333333334,1,0
2025-12-22,59.0,55.714285714285715,1.8860714285714286,1,0
2025-12-23,58.57142857142857,55.42857142857143,0.3132142857142857,1,0
2025-12-24,60.333333333333336,50.666666666666664,0.792962962962963,1,0
2025-12-25,58.5,47.833333333333336,0.9461538461538462,1,0
2025-12-26,55.833333333333336,43.833333333333336,0.5530769230769231,1,0
2025-12-27,58.57142857142857,38.857142857142854,0.2935714285714286,1,0
2025-12-28,60.0,35.42857142857143,0.0010526315789473684,1,0
2025-12-29,60.57142857142857,33.857142857142854,0.0005263157894736842,1,0
2025-12-30,53.142857142857146,33.0,0.0011111111111111111,1,0
2025-12-31,52.714285714285715,38.142857142857146,0.04526315789473684,1,0
2026-01-01,56.5,50.5,0.975,1,0
2026-01-02,60.25,54.25,0.4865217391304348,1,0
2026-01-03,61.2,53.4,1.0773076923076923,1,0
2026-01-04,58.8,49.6,0.6518518518518519,1,0
2026-01-05,53.0,47.833333333333336,0.8265384615384614,1,0
2026-01-06,62.25,47.5,1.3465384615384615,1,0
2026-01-07,60.5,44.5,0.001764705882352941,1,0
2026-01-08,58.0,40.666666666666664,0.0013333333333333333,1,0
2026-01-09,59.75,34.5,0.0,1,0
2026-01-10,60.8,34.6,0.0,1,0
2026-01-11,62.666666666666664,37.0,0.0,1,0
2026-01-12,62.5,34.75,0.0,1,0
2026-01-13,65.25,35.75,0.0,1,0
2026-01-14,66.75,36.5,0.0,1,0
2026-01-15,66.66666666666667,39.0,0.00125,1,0
2026-01-16,68.5,37.75,0.0,1,0
2026-01-17,65.2,35.8,0.0,1,0
2026-01-18,66.6,37.8,0.0,1,0
2026-01-19,66.75,38.0,0.0,1,0
2026-01-20,57.2,39.8,0.0005882352941176471,1,0
2026-01-21,59.2,42.6,0.0,1,0
2026-01-22,65.25,44.0,0.0,1,0
2026-01-23,56.0,45.5,0.0011764705882352942,1,0
2026-01-24,70.5,41.0,0.001764705882352941,1,0
2026-01-25,56.25,33.5,0.0,1,0
2026-01-26,61.25,35.75,0.0,1,0
2026-01-27,58.25,39.5,0.006875,1,0
2026-01-28,66.0,47.0,0.17458333333333334,0,0
2026-01-29,67.5,40.5,0.0005882352941176471,0,0
2026-01-30,66.2,39.8,0.0005882352941176471,0,0
2026-01-31,66.66666666666667,38.5,0.0005263157894736842,0,0
2026-02-01,70.4,40.4,0.0,0,0
2026-02-02,72.66666666666667,41.0,0.0,0,0
2026-02-03,69.66666666666667,41.0,0.0,1,0
2026-02-04,70.5,40.5,0.0,1,0
2026-02-05,71.5,41.5,0.0,1,0
2026-02-06,72.0,42.6,0.0,0,0
2026-02-07,65.5,44.666666666666664,0.0,0,0
2026-02-08,66.75,44.0,0.0005555555555555556,0,0
2026-02-09,67.25,43.0,0.004375,0,0
2026-02-10,60.25,41.0,0.021333333333333333,0,0
2026-02-11,59.333333333333336,51.666666666666664,0.3663636363636364,0,0
2026-02-12,66.66666666666667,45.333333333333336,0.1115,0,0
2026-02-13,62.0,46.0,0.0,0,0
